{
  "generated_at": "2026-06-29T15:13:12+00:00",
  "ground_truth": {
    "studies": 96,
    "dtx": 26,
    "covered_dtx": 19,
    "uncovered_dtx": [
      "neolexon Aphasia",
      "Selfapy's online course for chronic pain",
      "Selfapy's online course for panic disorder",
      "Beats Medical Parkinson’s",
      "Feel DTx",
      "Embr Wave 2",
      "Sword Thrive"
    ]
  },
  "models": {
    "gpt-4o": {
      "n_pipeline_rows": 120,
      "n_pipeline_clusters": 109,
      "full": {
        "tp": 61,
        "fn": 35,
        "extras": 32,
        "recall": 0.6354166666666666,
        "precision": 0.6559139784946236,
        "f1": 0.6455026455026455
      },
      "covered": {
        "tp": 61,
        "fn": 18,
        "extras": 32,
        "recall": 0.7721518987341772,
        "precision": 0.6559139784946236,
        "f1": 0.7093023255813953
      }
    },
    "gemini-3.1-pro-preview": {
      "n_pipeline_rows": 120,
      "n_pipeline_clusters": 109,
      "full": {
        "tp": 61,
        "fn": 35,
        "extras": 32,
        "recall": 0.6354166666666666,
        "precision": 0.6559139784946236,
        "f1": 0.6455026455026455
      },
      "covered": {
        "tp": 61,
        "fn": 18,
        "extras": 32,
        "recall": 0.7721518987341772,
        "precision": 0.6559139784946236,
        "f1": 0.7093023255813953
      }
    },
    "claude-sonnet-4-6": {
      "n_pipeline_rows": 120,
      "n_pipeline_clusters": 109,
      "full": {
        "tp": 61,
        "fn": 35,
        "extras": 32,
        "recall": 0.6354166666666666,
        "precision": 0.6559139784946236,
        "f1": 0.6455026455026455
      },
      "covered": {
        "tp": 61,
        "fn": 18,
        "extras": 32,
        "recall": 0.7721518987341772,
        "precision": 0.6559139784946236,
        "f1": 0.7093023255813953
      }
    }
  }
}